Store,Date,Forecast_Weekly_Sales,Lower_80CI,Upper_80CI,Tier
1,2012-11-02,1693357.9034823282,1609964.528626968,1765524.8770104863,High-Volume
1,2012-11-09,1620154.2620133664,1548201.678119037,1702232.1649361937,High-Volume
1,2012-11-16,1594744.9248437164,1502069.7854639122,1675501.2786562007,High-Volume
1,2012-11-23,2073905.2634328739,1988714.299416082,2166171.687311992,High-Volume
1,2012-11-30,1653564.8786389558,1576795.6526502268,1757749.581251383,High-Volume
1,2012-12-07,1814152.5540584512,1736127.0703925556,1910909.7698416053,High-Volume
1,2012-12-14,1982550.4315368235,1902448.4501944936,2078477.1981465535,High-Volume
1,2012-12-21,2448516.315431767,2359516.542806806,2547139.0177535275,High-Volume
1,2012-12-28,1509115.970494089,1445917.422806017,1602412.450490488,High-Volume
1,2013-01-04,1577889.837499164,1496033.194592177,1666205.3606215178,High-Volume
1,2013-01-11,1512378.1636411517,1428788.8450558814,1599024.16586449,High-Volume
1,2013-01-18,1448781.7982594394,1360626.1439847646,1532944.0240245545,High-Volume
2,2012-11-02,2019097.5600741887,1914288.2570944105,2124534.089871154,High-Volume
2,2012-11-09,1994840.8213637893,1896336.3249991122,2099820.446349729,High-Volume
2,2012-11-16,2023960.7893565448,1920748.4752956622,2135870.0948132626,High-Volume
2,2012-11-23,2733057.367493386,2597519.430631408,2835138.935804671,High-Volume
2,2012-11-30,2090910.1624516794,1964752.7255898092,2221105.7713275026,High-Volume
2,2012-12-07,2452285.133858656,2337462.590190255,2581909.072587683,High-Volume
2,2012-12-14,2667200.3817547713,2536689.5130393696,2799380.723367367,High-Volume
2,2012-12-21,3493343.6134008914,3347981.5968038146,3640992.6343234135,High-Volume
2,2012-12-28,1893736.7206313002,1727313.04202093,2026636.098432907,High-Volume
2,2013-01-04,1881106.2882913402,1687247.2434792272,2032643.0829515273,High-Volume
2,2013-01-11,1858662.1075647767,1666982.520141954,2009839.2368596676,High-Volume
2,2013-01-18,1858756.9802641605,1656657.1663566236,2036233.4646026911,High-Volume
3,2012-11-02,478763.98684548057,449435.35728999815,509177.47624878766,Mid-Volume
3,2012-11-09,440557.5983270543,412918.5327800607,466914.90340476006,Mid-Volume
3,2012-11-16,426960.9417542804,395630.54720254586,455571.0375708462,Mid-Volume
3,2012-11-23,616447.6515894553,586963.117425187,649179.124429786,Mid-Volume
3,2012-11-30,528289.6300539426,494871.33970152773,556478.8630183206,Mid-Volume
3,2012-12-07,520205.7094695602,479873.6668872735,553086.6910838942,Mid-Volume
3,2012-12-14,551531.1566070543,520263.462335197,582291.5036098346,Mid-Volume
3,2012-12-21,652540.0318589144,617249.3109728057,684905.697561494,Mid-Volume
3,2012-12-28,438118.96842909604,400133.56846222037,467474.64818276465,Mid-Volume
3,2013-01-04,432260.2496285605,395119.3936438278,465985.12005072855,Mid-Volume
3,2013-01-11,431201.80303990043,392605.7547776441,466313.8550201081,Mid-Volume
3,2013-01-18,403917.23297584854,365789.0507913154,442434.85185007955,Mid-Volume
4,2012-11-02,2260371.7855446264,2166060.3764453274,2374941.6731590354,High-Volume
4,2012-11-09,2240510.2162143234,2130983.991592259,2350772.9429269964,High-Volume
4,2012-11-16,2333197.8554480583,2231834.1460159416,2441336.4810762736,High-Volume
4,2012-11-23,3032616.422339197,2936516.4286729805,3155935.9755010363,High-Volume
4,2012-11-30,2331894.275287549,2206907.966250903,2437998.8714648522,High-Volume
4,2012-12-07,2545178.5524861068,2442794.065500295,2668104.2068054783,High-Volume
4,2012-12-14,2964154.1368237752,2859058.7104905043,3081387.4513941216,High-Volume
4,2012-12-21,3763467.752014053,3666820.253475448,3884450.601919571,High-Volume
4,2012-12-28,2037593.8461451607,1933874.1453836188,2145029.7312170994,High-Volume
4,2013-01-04,2100893.8447622876,1981414.754692864,2210287.4413638636,High-Volume
4,2013-01-11,2091979.3070768218,1987612.194046997,2192829.013874538,High-Volume
4,2013-01-18,2117625.815091442,2018156.169265347,2244762.5271871155,High-Volume
5,2012-11-02,364418.58784368035,341310.56445450237,384326.62896244536,Mid-Volume
5,2012-11-09,336035.0652990063,316102.2658027193,358246.46037872223,Mid-Volume
5,2012-11-16,332185.05966949114,309897.7722020571,353335.83822007704,Mid-Volume
5,2012-11-23,526013.7477839144,504629.192841006,547401.9167816463,Mid-Volume
5,2012-11-30,385614.86944502185,364784.3103784688,405785.47444951255,Mid-Volume
5,2012-12-07,389254.9941752359,362125.06740136654,411221.75694822805,Mid-Volume
5,2012-12-14,403872.9471503184,383132.3891896919,424084.4637291532,Mid-Volume
5,2012-12-21,497508.69768931036,473298.19165240665,518918.7799554551,Mid-Volume
5,2012-12-28,346061.97485448077,322848.2547687792,366593.829732857,Mid-Volume
5,2013-01-04,326462.37872708804,303989.27935244027,348882.7782089995,Mid-Volume
5,2013-01-11,302058.4333940939,278308.8849840006,327787.9391107363,Mid-Volume
5,2013-01-18,311682.01073659456,289807.73962738743,333131.82232308923,Mid-Volume
6,2012-11-02,1588048.8893947508,1502243.2709566231,1676491.2983188455,High-Volume
6,2012-11-09,1585483.41467348,1487720.564495924,1684902.854112823,High-Volume
6,2012-11-16,1604454.3995558526,1511947.1609977025,1693030.3339648796,High-Volume
6,2012-11-23,2352266.805790995,2251204.2250005314,2475650.8017462045,High-Volume
6,2012-11-30,1771978.3907407995,1659873.2372236496,1874847.8118133415,High-Volume
6,2012-12-07,1944408.9425744286,1849279.137759085,2069339.1838800916,High-Volume
6,2012-12-14,2177008.220148938,2090976.3212944025,2278991.31446844,High-Volume
6,2012-12-21,2813477.371868728,2709460.6156069776,2935770.7572167343,High-Volume
6,2012-12-28,1597910.0301199222,1480234.8633957217,1744316.5948738575,High-Volume
6,2013-01-04,1466002.8992558336,1360559.8369464944,1604893.1338176632,High-Volume
6,2013-01-11,1421740.0922411934,1309845.3489809886,1553380.9698913945,High-Volume
6,2013-01-18,1384108.6121599101,1272940.509673037,1524740.687174152,High-Volume
7,2012-11-02,521813.517882742,479377.3292798728,560417.3649408506,Mid-Volume
7,2012-11-09,544402.1115301626,500040.8476269444,590442.2872875023,Mid-Volume
7,2012-11-16,521560.58235122776,478417.1839752709,566367.7491071149,Mid-Volume
7,2012-11-23,881129.1775069304,827661.7421815712,929145.1799086747,Mid-Volume
7,2012-11-30,588635.3465451468,531244.152800631,639056.8463718103,Mid-Volume
7,2012-12-07,638686.0771688533,583207.2536503543,695090.6682029511,Mid-Volume
7,2012-12-14,749098.2362071787,688765.8801469227,805419.0572316502,Mid-Volume
7,2012-12-21,1080467.200272166,1022651.1024429101,1144527.9214865866,Mid-Volume
7,2012-12-28,772795.8098242055,714328.1847870001,849180.135961014,Mid-Volume
7,2013-01-04,696400.1319315049,627182.5403491127,762892.7150452627,Mid-Volume
7,2013-01-11,580545.6425611736,528960.2015652931,651638.5142161561,Mid-Volume
7,2013-01-18,554936.8535897891,496930.5322558736,621468.0546194934,Mid-Volume
8,2012-11-02,995636.9728433286,951646.8027989836,1045720.1779240477,High-Volume
8,2012-11-09,979854.0918783849,935106.1187744467,1021759.5829870276,High-Volume
8,2012-11-16,954669.9811354773,908483.1884776102,1008252.0177721687,High-Volume
8,2012-11-23,1330322.6298208442,1283351.87787036,1383951.7718615092,High-Volume
8,2012-11-30,1024757.852869524,972973.4458221046,1083193.6390382391,High-Volume
8,2012-12-07,1140580.4807642056,1089318.7221746095,1186244.798841241,High-Volume
8,2012-12-14,1289966.4109493445,1249638.2311353588,1339260.7266330204,High-Volume
8,2012-12-21,1583139.4304493563,1540511.4360599378,1640801.0115019574,High-Volume
8,2012-12-28,849814.8116312403,803006.3883416475,905069.3190006437,High-Volume
8,2013-01-04,946554.3402100137,895104.4395958516,994601.1147775109,High-Volume
8,2013-01-11,884141.3810756186,836211.61551573,933829.8017144346,High-Volume
8,2013-01-18,897039.469813725,846772.5688796913,951845.0958151958,High-Volume
9,2012-11-02,582774.3730108602,551943.9353402796,615893.8340497292,Mid-Volume
9,2012-11-09,585390.9125648665,551474.4423836422,618580.0697949487,Mid-Volume
9,2012-11-16,582557.8185063438,554317.122355088,614649.7468439562,Mid-Volume
9,2012-11-23,832162.5794268602,797165.6559570798,869769.0317496264,Mid-Volume
9,2012-11-30,642421.9122448433,602568.5107636222,678994.1584126189,Mid-Volume
9,2012-12-07,681916.0671749876,646706.6601957433,717077.1163938788,Mid-Volume
9,2012-12-14,749287.9964193602,715806.3560038087,783501.5986908672,Mid-Volume
9,2012-12-21,937716.6506233315,900578.8475861865,974243.2912660941,Mid-Volume
9,2012-12-28,526351.0346676335,496302.03071841015,560485.4516227306,Mid-Volume
9,2013-01-04,555342.7889200323,523638.43443531246,595131.7849248383,Mid-Volume
9,2013-01-11,521823.7087232002,487845.76716911036,560006.9569454838,Mid-Volume
9,2013-01-18,518073.2197301017,483000.9205408504,552040.3137654334,Mid-Volume
10,2012-11-02,1836238.4992932854,1709965.7768503674,1970680.020980845,High-Volume
10,2012-11-09,1919403.858013902,1814333.6642491675,2043424.4487544505,High-Volume
10,2012-11-16,1928441.7024804028,1792551.2036520105,2052020.7634966725,High-Volume
10,2012-11-23,2937475.19787444,2792852.583905705,3046412.185772751,High-Volume
10,2012-11-30,2217844.559950717,2096914.2903321376,2355004.18248427,High-Volume
10,2012-12-07,2415975.948798409,2275145.826866863,2539207.8584436616,High-Volume
10,2012-12-14,2769809.606405376,2655433.491730073,2894357.844760572,High-Volume
10,2012-12-21,3709171.794594329,3560737.68199351,3840095.0494947187,High-Volume
10,2012-12-28,1753657.6975384518,1581592.7824654765,1922434.7394367584,High-Volume
10,2013-01-04,1716940.3926740128,1583454.2453115317,1843814.9969306036,High-Volume
10,2013-01-11,1720278.3997039706,1578113.5728016195,1855151.411814016,High-Volume
10,2013-01-18,1687672.018069025,1529382.1952627716,1840455.1605711451,High-Volume
11,2012-11-02,1421274.256232669,1338110.6398799764,1515580.6137202315,High-Volume
11,2012-11-09,1362418.2835523624,1264562.1339723032,1432045.4167346393,High-Volume
11,2012-11-16,1362746.9188717648,1269242.0130124702,1440211.1693525924,High-Volume
11,2012-11-23,1840935.452125097,1747555.0710459985,1917210.5239109404,High-Volume
11,2012-11-30,1452398.6237372681,1351500.7145878086,1539982.2804860072,High-Volume
11,2012-12-07,1648815.650596552,1555413.2015019031,1729689.5744059603,High-Volume
11,2012-12-14,1904246.725061642,1803819.83731183,1992456.4263877887,High-Volume
11,2012-12-21,2363097.264866328,2272183.622487604,2472015.124370504,High-Volume
11,2012-12-28,1278174.6176623548,1176468.4828920597,1393036.7323626622,High-Volume
11,2013-01-04,1270620.4206168493,1164503.5969646452,1379634.1680835972,High-Volume
11,2013-01-11,1279853.8070506263,1158583.450647489,1392879.5852636497,High-Volume
11,2013-01-18,1264667.0283157919,1160671.3465522719,1367052.1520547771,High-Volume
12,2012-11-02,994624.7423379277,934420.072605875,1063399.3316878458,Mid-Volume
12,2012-11-09,1011524.7110236726,953673.1877534263,1073982.9608973137,Mid-Volume
12,2012-11-16,946192.0474040854,883627.6521365497,1004623.0972488311,Mid-Volume
12,2012-11-23,1635891.366051875,1562124.16139718,1691328.938482913,Mid-Volume
12,2012-11-30,1108226.2446895952,1039987.5112014818,1171354.6982987453,Mid-Volume
12,2012-12-07,1175371.8627640745,1114230.9520540514,1245487.3863645622,Mid-Volume
12,2012-12-14,1334760.3441680472,1269429.147832488,1402037.2708521446,Mid-Volume
12,2012-12-21,1778832.3179234178,1715385.9786734509,1838165.1525223253,Mid-Volume
12,2012-12-28,979500.9405711725,912255.5247614342,1044512.1935660299,Mid-Volume
12,2013-01-04,957100.8448528288,890059.6017126798,1010650.4642707171,Mid-Volume
12,2013-01-11,862584.3464569817,797165.953907333,929884.2386692313,Mid-Volume
12,2013-01-18,852355.6376316838,780523.590007308,914794.7678554723,Mid-Volume
13,2012-11-02,2041430.8504787302,1916102.0073760957,2138771.9691632832,High-Volume
13,2012-11-09,2125773.2379221586,2006850.9838991226,2241739.595430992,High-Volume
13,2012-11-16,2103167.336264621,1983192.9210171357,2223713.5168116945,High-Volume
13,2012-11-23,2946425.6597839245,2809006.661372023,3059762.8624195415,High-Volume
13,2012-11-30,2252309.6938654124,2133836.354988803,2370621.397549421,High-Volume
13,2012-12-07,2637369.7532724966,2502651.022199773,2765295.884209442,High-Volume
13,2012-12-14,2948200.459420012,2808661.5341633973,3071265.392496214,High-Volume
13,2012-12-21,3771012.6251542587,3650676.3813928617,3912574.0033181687,High-Volume
13,2012-12-28,1886602.9549754919,1737350.5947904075,2045725.2391496818,High-Volume
13,2013-01-04,1936538.1180533534,1768506.5893026344,2088497.0019917898,High-Volume
13,2013-01-11,1873318.5807502763,1722455.2550834145,2041836.72462107,High-Volume
13,2013-01-18,1954367.1788885053,1791929.2201023304,2130512.967054652,High-Volume
14,2012-11-02,1723137.486313899,1491600.166053747,1918509.5321136992,High-Volume
14,2012-11-09,1728705.94338062,1495563.1877999085,1943587.1575974945,High-Volume
14,2012-11-16,1604655.8516152948,1404789.9451510704,1790131.916999552,High-Volume
14,2012-11-23,2541290.265670305,2304024.4520343877,2797466.99959392,High-Volume
14,2012-11-30,1888400.0500358487,1618753.7261737634,2124235.422320196,High-Volume
14,2012-12-07,2230148.2696257913,1957706.1583374674,2449253.3059752122,High-Volume
14,2012-12-14,2389690.8751875646,2154636.329210621,2593112.8675755765,High-Volume
14,2012-12-21,3427537.4225047315,3189950.6223167744,3672013.395132959,High-Volume
14,2012-12-28,1284977.384927544,1047457.0471483001,1490352.163329165,High-Volume
14,2013-01-04,1502733.4176860016,1254256.4266480794,1730705.0263107659,High-Volume
14,2013-01-11,1336182.4265893744,1100999.0182541292,1609946.7742785036,High-Volume
14,2013-01-18,1382367.8196468938,1147938.131795595,1609275.3919003576,High-Volume
15,2012-11-02,584845.3323297744,520791.9626953376,645437.86793405,Mid-Volume
15,2012-11-09,590724.8503350639,531257.4524126591,647149.3372203559,Mid-Volume
15,2012-11-16,577076.9339891048,520075.80918766366,637267.1781084803,Mid-Volume
15,2012-11-23,1080742.227025282,1023913.6615630599,1133647.3014639642,Mid-Volume
15,2012-11-30,715500.100217074,651466.6068698845,777880.8160520092,Mid-Volume
15,2012-12-07,803163.2318428947,743974.8442427549,863937.2401650603,Mid-Volume
15,2012-12-14,933885.9650902936,865812.2158925197,989392.1137121951,Mid-Volume
15,2012-12-21,1304520.7647509642,1236426.3641630693,1360881.915080506,Mid-Volume
15,2012-12-28,532151.1101147344,455257.4155775223,587723.494495185,Mid-Volume
15,2013-01-04,486953.0050759099,411074.0931365611,557882.6877567515,Mid-Volume
15,2013-01-11,450396.19715144316,373614.7023574622,517365.10936816863,Mid-Volume
15,2013-01-18,464639.72373590677,370174.8830873434,547988.7151246929,Mid-Volume
16,2012-11-02,468820.7925262825,437858.43827269046,507534.6714584428,Mid-Volume
16,2012-11-09,472315.89504839416,434539.9608397599,509350.23914455966,Mid-Volume
16,2012-11-16,466403.60159005935,431914.15723655914,500218.6244833159,Mid-Volume
16,2012-11-23,670236.34791382,637597.4556372032,704668.439818915,Mid-Volume
16,2012-11-30,518918.6099815704,483776.47511321807,556844.1045235291,Mid-Volume
16,2012-12-07,573936.5820434042,535105.9496961047,610386.4912002599,Mid-Volume
16,2012-12-14,659919.8588191557,624694.9015632119,694503.4093185785,Mid-Volume
16,2012-12-21,994222.9424366162,954149.267676817,1025277.8290586862,Mid-Volume
16,2012-12-28,604916.9130819092,563696.7498351765,642115.0938195502,Mid-Volume
16,2013-01-04,574505.3007593962,533820.4276028216,612159.6939840344,Mid-Volume
16,2013-01-11,484814.7942313525,444280.48290886707,522190.885388988,Mid-Volume
16,2013-01-18,469931.8536696092,425838.3454065252,503003.93102172395,Mid-Volume
17,2012-11-02,938779.7467269836,886846.715931454,999550.5655193119,Mid-Volume
17,2012-11-09,958240.1137920012,902020.7587786166,1020824.9653784131,Mid-Volume
17,2012-11-16,895366.9454870282,839074.4741227649,965724.5835394703,Mid-Volume
17,2012-11-23,1155487.6360864784,1099698.4630612817,1223262.7249751783,Mid-Volume
17,2012-11-30,1009908.6896445862,943641.3032164082,1078308.245625434,Mid-Volume
17,2012-12-07,1044839.8545093667,990749.4432962431,1116715.7090199308,Mid-Volume
17,2012-12-14,1133697.9346155133,1069010.256866372,1220250.3739992836,Mid-Volume
17,2012-12-21,1382297.6986350678,1306345.4181080088,1475649.9738778353,Mid-Volume
17,2012-12-28,760411.0812783913,686640.4144506635,854240.7273049029,Mid-Volume
17,2013-01-04,1196994.547483284,1104567.472732541,1299645.3422653275,Mid-Volume
17,2013-01-11,870419.1447031909,772674.8344125961,994343.2797663012,Mid-Volume
17,2013-01-18,847068.0848290598,747862.1438415342,977986.7650184907,Mid-Volume
18,2012-11-02,1119063.8589323696,1002785.3479434829,1245934.524877651,Mid-Volume
18,2012-11-09,1110143.7572275654,1001525.6097939541,1229143.1550293963,Mid-Volume
18,2012-11-16,1077410.1202523154,971875.7598061602,1198160.0022454958,Mid-Volume
18,2012-11-23,1682197.7627278361,1560030.5726848308,1825861.7578171662,Mid-Volume
18,2012-11-30,1243513.8320068903,1117502.5363735897,1394089.0362081544,Mid-Volume
18,2012-12-07,1448166.9172391186,1313144.2688018817,1594056.4184930036,Mid-Volume
18,2012-12-14,1621086.646094351,1490622.9618339578,1747678.6448680658,Mid-Volume
18,2012-12-21,2055400.770189485,1916785.261222001,2206594.82559933,Mid-Volume
18,2012-12-28,955882.9916926764,799252.3215424338,1120572.3099714078,Mid-Volume
18,2013-01-04,990271.7170849917,846116.7165870212,1156196.0565068664,Mid-Volume
18,2013-01-11,843501.021482894,678419.1181481723,1009125.4769388069,Mid-Volume
18,2013-01-18,948280.6678470632,787023.9257793272,1124032.387453146,Mid-Volume
19,2012-11-02,1406223.912614368,1314675.6557708676,1505833.8100338916,High-Volume
19,2012-11-09,1455227.0770179115,1358710.7641242656,1570953.9398230352,High-Volume
19,2012-11-16,1346111.334807443,1251835.605660777,1442704.78537905,High-Volume
19,2012-11-23,1953890.9582404858,1849449.94902234,2055740.5411596892,High-Volume
19,2012-11-30,1559353.1376203974,1463793.6684031645,1661109.7031940855,High-Volume
19,2012-12-07,1751852.050343832,1672522.4121200137,1843265.1104169562,High-Volume
19,2012-12-14,1869788.632285384,1764071.4979040662,1999716.4648342014,High-Volume
19,2012-12-21,2613060.872006342,2511669.3759907694,2708255.3753254297,High-Volume
19,2012-12-28,1268960.9494737056,1151663.2299034786,1382799.5040910917,High-Volume
19,2013-01-04,1202000.357204973,1108996.4909915084,1349983.4583631512,High-Volume
19,2013-01-11,1151819.3012864073,1028121.8270358831,1277712.0668931613,High-Volume
19,2013-01-18,1187250.6107048313,1053670.2762164816,1303813.6563320658,High-Volume
20,2012-11-02,2307531.7132646823,2143712.8523271754,2488148.8828670126,High-Volume
20,2012-11-09,2308412.7123305146,2148183.3431445025,2490722.479640687,High-Volume
20,2012-11-16,2222714.6015097345,2070909.0370009453,2391405.297397337,High-Volume
20,2012-11-23,2936887.548711258,2747685.9055505097,3104355.44200814,High-Volume
20,2012-11-30,2499475.9913379103,2329072.11104978,2698848.430222694,High-Volume
20,2012-12-07,2819956.0952720116,2623807.6285568033,3021773.0302550225,High-Volume
20,2012-12-14,2921253.4329318353,2711777.1609530677,3089869.049103646,High-Volume
20,2012-12-21,3839399.541880834,3623967.2908650767,4026313.988180721,High-Volume
20,2012-12-28,1970226.8812058168,1724771.252827804,2147090.4380857274,High-Volume
20,2013-01-04,1988564.3607314893,1781304.1758056462,2189423.1270342604,High-Volume
20,2013-01-11,2011013.9922043353,1781191.5334524796,2265439.1279201764,High-Volume
20,2013-01-18,1926891.250442774,1672440.632878529,2177486.5645626253,High-Volume
21,2012-11-02,671110.7137766645,613309.9350119139,750617.9279766998,Mid-Volume
21,2012-11-09,680951.4951680037,604041.6011621755,744724.4209755734,Mid-Volume
21,2012-11-16,693083.9596006722,624158.296324354,755484.5735358911,Mid-Volume
21,2012-11-23,1180677.2314172823,1109508.7219967835,1252992.1453433244,Mid-Volume
21,2012-11-30,762321.5290124246,683033.6319627133,838774.1002122414,Mid-Volume
21,2012-12-07,874976.0505025922,803388.9675283453,955645.3302422365,Mid-Volume
21,2012-12-14,1065369.3652639661,1007996.1690949243,1136935.4121262215,Mid-Volume
21,2012-12-21,1491286.042197206,1417102.6340981964,1581473.2970913653,Mid-Volume
21,2012-12-28,635304.3247877054,551067.4751908632,710611.0007485105,Mid-Volume
21,2013-01-04,567392.6436327836,500943.23642945924,655048.4602155102,Mid-Volume
21,2013-01-11,582585.5386912096,497693.37841851986,673065.9620989622,Mid-Volume
21,2013-01-18,596144.7138486815,517014.9689182438,696245.760076779,Mid-Volume
22,2012-11-02,1041757.3414022903,965652.7943738948,1122678.1886219226,High-Volume
22,2012-11-09,1059179.2655246789,965903.9201808427,1145793.548369748,High-Volume
22,2012-11-16,1004363.5466476987,930138.8972017876,1085434.2599143842,High-Volume
22,2012-11-23,1573350.0716108805,1486211.7036025987,1658463.9856886284,High-Volume
22,2012-11-30,1233258.7531531113,1155138.8237785902,1320823.3503977796,High-Volume
22,2012-12-07,1371649.978290275,1284410.1267408794,1471462.180658152,High-Volume
22,2012-12-14,1529722.042417605,1429997.578618309,1614760.2744604694,High-Volume
22,2012-12-21,1960981.4198819972,1881445.9950437176,2055856.9728668167,High-Volume
22,2012-12-28,838061.6836230699,730154.8815862658,946453.4932811434,High-Volume
22,2013-01-04,898613.4599528478,805961.0046927847,990142.243803759,High-Volume
22,2013-01-11,838489.2112414154,723660.90643275,955481.3010942512,High-Volume
22,2013-01-18,884975.2756981548,753112.1761619771,1002567.8444554687,High-Volume
23,2012-11-02,1426134.363929384,1281973.851360232,1589164.6282205028,High-Volume
23,2012-11-09,1582793.5511194798,1446004.2584655846,1738490.7627319465,High-Volume
23,2012-11-16,1518909.5264124486,1360154.9443188845,1690861.7185437276,High-Volume
23,2012-11-23,2280179.765589286,2128462.793806739,2446229.1539097545,High-Volume
23,2012-11-30,1827900.5544120006,1650552.9965191544,1998413.8775712596,High-Volume
23,2012-12-07,2100125.90186275,1904838.110762382,2292970.1878447384,High-Volume
23,2012-12-14,2467755.814565052,2288702.5922968355,2656061.1147326184,High-Volume
23,2012-12-21,2956877.140524147,2747030.657711968,3164021.908264008,High-Volume
23,2012-12-28,1437108.3229027744,1236163.5898102706,1652446.855391479,High-Volume
23,2013-01-04,1385873.0016517271,1193542.5496630177,1621299.3263528603,High-Volume
23,2013-01-11,1279271.7825502816,1070301.6632785986,1531690.3330889447,High-Volume
23,2013-01-18,1379177.0091204296,1112004.8579547685,1611112.0871038851,High-Volume
24,2012-11-02,1332304.8599451971,1211054.181911566,1429561.7756952378,High-Volume
24,2012-11-09,1361897.3041287619,1257006.164915978,1470169.555141901,High-Volume
24,2012-11-16,1313860.4167799642,1202340.5286504661,1404449.077751973,High-Volume
24,2012-11-23,1812939.209326721,1707964.462123277,1925355.014819604,High-Volume
24,2012-11-30,1441184.8933494715,1330373.3448800906,1532094.3935516495,High-Volume
24,2012-12-07,1624705.2162877514,1512179.641840235,1737234.1592772447,High-Volume
24,2012-12-14,1700421.1608538395,1590734.0114838555,1799762.2283514403,High-Volume
24,2012-12-21,2400528.3402431803,2286101.974661284,2511102.113480543,High-Volume
24,2012-12-28,1278822.695210786,1159760.0552694523,1387604.2548559129,High-Volume
24,2013-01-04,1238173.7041293252,1126682.3012092956,1355610.331029014,High-Volume
24,2013-01-11,1216809.201200235,1081011.6015242194,1344007.7354435148,High-Volume
24,2013-01-18,1165309.3937768454,1023161.6699635148,1277301.4250154917,High-Volume
25,2012-11-02,730375.232270871,686252.9748801038,778749.2453611747,Mid-Volume
25,2012-11-09,744971.0668771558,689757.7739217186,796071.7695351358,Mid-Volume
25,2012-11-16,751661.5609989587,695277.1314280665,806177.1623030023,Mid-Volume
25,2012-11-23,1148230.880844518,1098529.9857663382,1199368.4785332,Mid-Volume
25,2012-11-30,918434.5079687947,870712.9270547113,975528.4438998019,Mid-Volume
25,2012-12-07,990688.7802615354,933127.8518832884,1039164.5229260622,Mid-Volume
25,2012-12-14,1075592.2955556887,1018220.5680133089,1137622.1668222123,Mid-Volume
25,2012-12-21,1334725.8152308825,1284736.2429663995,1392534.7338208386,Mid-Volume
25,2012-12-28,676671.2413518084,621366.153756998,735614.6400307934,Mid-Volume
25,2013-01-04,615485.782497865,546100.3409270807,677127.4435999219,Mid-Volume
25,2013-01-11,621542.220771776,550011.9464378059,690532.4881536557,Mid-Volume
25,2013-01-18,614387.9076671712,560672.0455099099,704606.0190893487,Mid-Volume
26,2012-11-02,1026264.2962121386,970745.2758595761,1085714.27949469,High-Volume
26,2012-11-09,1043190.2643368386,983913.4480580612,1114112.9585051236,High-Volume
26,2012-11-16,963557.8045054749,898998.4895754611,1029723.3962821126,High-Volume
26,2012-11-23,1341822.168145701,1277368.7979801411,1408544.0783327569,High-Volume
26,2012-11-30,1072928.6325193997,1018024.9700405785,1139948.28699177,High-Volume
26,2012-12-07,1207797.3851942047,1151237.2891115006,1273855.4162399804,High-Volume
26,2012-12-14,1257616.677139897,1192964.2235382784,1317306.3827573864,High-Volume
26,2012-12-21,1624736.4846051522,1556677.202102205,1692877.4756789645,High-Volume
26,2012-12-28,955481.3436680824,899289.3810734692,1016683.5694605366,High-Volume
26,2013-01-04,1005202.0759845198,936979.1728730499,1075318.0320088195,High-Volume
26,2013-01-11,878159.8556790204,802260.1168122584,948961.1289955514,High-Volume
26,2013-01-18,876754.7550688235,814463.1710122627,954216.0647368779,High-Volume
27,2012-11-02,1577340.6062124965,1414897.7475845122,1734889.303301238,High-Volume
27,2012-11-09,1725665.1821175248,1570581.6712222057,1903013.037074135,High-Volume
27,2012-11-16,1609236.8043124555,1439555.6269464777,1779952.0276162878,High-Volume
27,2012-11-23,2513489.9134458634,2364644.834204969,2709557.6745854868,High-Volume
27,2012-11-30,1777059.7701325847,1605731.9889409742,1915217.0370630978,High-Volume
27,2012-12-07,2025852.009715228,1838757.164162525,2178705.12450468,High-Volume
27,2012-12-14,2234165.580466926,2054532.8498893536,2421363.1031033774,High-Volume
27,2012-12-21,2936844.209996224,2795376.8219578057,3114444.1969771786,High-Volume
27,2012-12-28,1377315.4909865577,1202221.766855778,1543370.5293682634,High-Volume
27,2013-01-04,1470367.640828766,1298641.5651429622,1649342.6568584908,High-Volume
27,2013-01-11,1434376.1034183945,1254963.5840976313,1600474.4195572273,High-Volume
27,2013-01-18,1428415.121998752,1273695.3524207545,1601830.5178237127,High-Volume
28,2012-11-02,1502349.2360637966,1368760.327998368,1629313.2404955188,High-Volume
28,2012-11-09,1279014.9974787545,1163079.0463761152,1409138.231669764,High-Volume
28,2012-11-16,1178532.4640821978,1052245.9557141655,1300141.2087620625,High-Volume
28,2012-11-23,1918948.5942220348,1781585.3699362718,2045556.5871226415,High-Volume
28,2012-11-30,1415867.1926481233,1279745.980069862,1556558.46362361,High-Volume
28,2012-12-07,1452213.0642075217,1300533.4236639966,1578556.5900227514,High-Volume
28,2012-12-14,1479738.1604450655,1350683.8644201087,1598517.1400925338,High-Volume
28,2012-12-21,1965340.9566215025,1838307.4177674726,2101993.357627208,High-Volume
28,2012-12-28,1116488.5091761274,971922.5464684209,1256068.6372990878,High-Volume
28,2013-01-04,1403017.9454012793,1265062.1756772047,1569595.2307182504,High-Volume
28,2013-01-11,1097152.3822138072,975594.8507388707,1226872.639774906,High-Volume
28,2013-01-18,1075623.107188729,933887.3770801418,1194324.2859777177,High-Volume
29,2012-11-02,557924.2978766803,507336.13890423183,604778.3848250904,Mid-Volume
29,2012-11-09,531865.7540591233,485218.38362856564,581967.8042389873,Mid-Volume
29,2012-11-16,512419.095314033,460344.0068364289,570392.9733162562,Mid-Volume
29,2012-11-23,961995.4507986744,906502.7684217952,1014080.130970371,Mid-Volume
29,2012-11-30,630399.5834885765,572330.3532910255,678495.3479294026,Mid-Volume
29,2012-12-07,697082.6008859819,635858.9074365316,754596.3429249875,Mid-Volume
29,2012-12-14,824947.1862558365,767884.8038797259,881872.8559042368,Mid-Volume
29,2012-12-21,1107236.6869835884,1046387.8011915341,1165977.802081316,Mid-Volume
29,2012-12-28,506053.054606158,444886.83858845604,572842.1216639284,Mid-Volume
29,2013-01-04,473169.47754261456,390948.603882446,544010.13490301,Mid-Volume
29,2013-01-11,445607.50613936794,370443.36233776214,524897.5750495626,Mid-Volume
29,2013-01-18,458975.18899730215,377989.0337591537,536876.3883978667,Mid-Volume
30,2012-11-02,466375.44611732766,443470.38838122203,485847.7046619886,Low-Volume
30,2012-11-09,420548.8941804214,395037.40273249114,442276.2623998159,Low-Volume
30,2012-11-16,417713.77607001807,391034.17581869074,439873.9617599574,Low-Volume
30,2012-11-23,448975.6584105969,419351.11976744613,480132.73835275037,Low-Volume
30,2012-11-30,396227.5362196127,369537.3502414421,426744.964818132,Low-Volume
30,2012-12-07,416911.6220407505,382841.14651052386,445289.9387477455,Low-Volume
30,2012-12-14,430374.3511980829,393135.79332661285,460221.8536888592,Low-Volume
30,2012-12-21,500664.39554167097,464610.44505302963,534084.6524279403,Low-Volume
30,2012-12-28,382268.07727253647,345924.32438346196,417974.3545367486,Low-Volume
30,2013-01-04,441030.3854232282,400119.4004656676,475069.2821060298,Low-Volume
30,2013-01-11,448992.4611930286,407347.31085323845,482293.87467978813,Low-Volume
30,2013-01-18,426787.46322833066,382042.4641328785,463305.4196281727,Low-Volume
31,2012-11-02,1403882.6676709673,1352021.0033949402,1472979.3851415368,High-Volume
31,2012-11-09,1431167.7686446954,1376998.3088249576,1493166.137220473,High-Volume
31,2012-11-16,1436505.4464830742,1372216.580848113,1498567.9239398818,High-Volume
31,2012-11-23,1935627.691242953,1870454.6316674324,2005346.1113796018,High-Volume
31,2012-11-30,1414460.989150719,1361230.0368371322,1492384.6176239008,High-Volume
31,2012-12-07,1554190.075821107,1491314.7457373438,1621769.6730084016,High-Volume
31,2012-12-14,1780418.8067714649,1720928.5907165897,1851710.4759775072,High-Volume
31,2012-12-21,2139599.104469289,2074321.7955913332,2208698.491664938,High-Volume
31,2012-12-28,1282447.4698348276,1221295.3002209708,1341204.8504686125,High-Volume
31,2013-01-04,1390107.262196336,1333527.0204134877,1462358.654288538,High-Volume
31,2013-01-11,1423603.9183522698,1362231.6337600371,1495986.677080922,High-Volume
31,2013-01-18,1416483.160699954,1351839.5836332527,1490361.7081526206,High-Volume
32,2012-11-02,1162870.7972178934,1110720.3279187211,1218804.914840596,High-Volume
32,2012-11-09,1218691.7839497088,1156700.0870174016,1270835.4317801353,High-Volume
32,2012-11-16,1226488.7900611458,1175524.105266144,1288071.0365717348,High-Volume
32,2012-11-23,1715274.9767807098,1663704.3278622634,1760826.5459251772,High-Volume
32,2012-11-30,1267546.313521924,1211160.6359566655,1314824.3522597007,High-Volume
32,2012-12-07,1457446.6700337278,1391026.771179711,1511725.727840555,High-Volume
32,2012-12-14,1629726.6834368703,1575876.776998292,1687400.6369003009,High-Volume
32,2012-12-21,2024361.5709615513,1969721.9597234302,2088125.505680865,High-Volume
32,2012-12-28,1059365.4638003453,1004566.288763939,1116395.7233098496,High-Volume
32,2013-01-04,1129665.6913889123,1077412.5933728584,1188407.6144356143,High-Volume
32,2013-01-11,1109406.5326291167,1044686.5939454634,1166746.093566349,High-Volume
32,2013-01-18,1150908.8340206915,1086694.416494075,1207495.3533927123,High-Volume
33,2012-11-02,270409.4754968623,248182.1433981308,289620.307493455,Low-Volume
33,2012-11-09,301876.261615634,282829.71590470173,320155.3487560186,Low-Volume
33,2012-11-16,261829.6084771816,237875.5872357508,281345.71742025804,Low-Volume
33,2012-11-23,274236.1018167195,252010.00453396083,297333.22839520394,Low-Volume
33,2012-11-30,243461.32059762115,218226.06939227728,264984.95967546577,Low-Volume
33,2012-12-07,289524.75245606195,265697.764179256,309767.01532368927,Low-Volume
33,2012-12-14,276886.49996185215,250552.35411137782,301629.9376156586,Low-Volume
33,2012-12-21,284414.9480256512,256879.6445837422,308917.4145871526,Low-Volume
33,2012-12-28,253803.57305330597,224486.61893892818,281969.2080467792,Low-Volume
33,2013-01-04,286764.64918398205,257485.47566228363,314719.2297758571,Low-Volume
33,2013-01-11,301480.7041696387,272882.59236794896,331921.6711520984,Low-Volume
33,2013-01-18,282329.10565662134,249225.45369495242,308790.678065197,Low-Volume
34,2012-11-02,1019984.285491487,972585.4515430257,1075519.6674032279,High-Volume
34,2012-11-09,1025312.5045868437,975628.8986963764,1080552.5401772219,High-Volume
34,2012-11-16,996529.3020208343,945922.4240939613,1045540.0806828943,High-Volume
34,2012-11-23,1361402.0746219503,1318679.1604306786,1415376.6869060528,High-Volume
34,2012-11-30,1041709.5140734984,994331.5179867175,1095875.8190780713,High-Volume
34,2012-12-07,1130323.9541666696,1078731.2230250353,1176367.111083766,High-Volume
34,2012-12-14,1253687.0890722442,1200683.7622794728,1300703.47578277,High-Volume
34,2012-12-21,1660688.2688697702,1608292.6820158677,1715065.7227750174,High-Volume
34,2012-12-28,964580.6167765004,906714.334522625,1024384.504722749,High-Volume
34,2013-01-04,959894.5905230062,909720.0028702512,1019840.9186641419,High-Volume
34,2013-01-11,948332.6406726764,900336.224399739,1009551.4437431967,High-Volume
34,2013-01-18,942267.220866841,889753.8315816494,1007966.3196486644,High-Volume
35,2012-11-02,833837.9838389781,710809.5052214677,969194.8064495473,Mid-Volume
35,2012-11-09,939535.4751558603,817433.0866335345,1069363.9877548213,Mid-Volume
35,2012-11-16,902500.886540216,770849.7582661712,1038254.8585260721,Mid-Volume
35,2012-11-23,1835969.965516416,1686400.7609051345,1977883.3232644978,Mid-Volume
35,2012-11-30,1036317.9332670625,879483.215108445,1188509.971466478,Mid-Volume
35,2012-12-07,1150945.883463071,1022028.3590849235,1292248.0628858001,Mid-Volume
35,2012-12-14,1364599.8109074403,1237558.4441701411,1533385.1771056314,Mid-Volume
35,2012-12-21,1840053.4528218317,1680326.1911552341,2016170.4886922697,Mid-Volume
35,2012-12-28,811330.379191146,636532.8392589893,1007791.1435385627,Mid-Volume
35,2013-01-04,757720.0339572015,566576.5743885128,940480.5119949693,Mid-Volume
35,2013-01-11,779604.7334203416,602553.7379542468,958431.5473567623,Mid-Volume
35,2013-01-18,787846.4811657877,586382.3246819538,996646.9598672335,Mid-Volume
36,2012-11-02,271313.4281990062,248054.69288944776,296806.0158180258,Low-Volume
36,2012-11-09,290981.17740079627,265223.69446658745,316158.10583426605,Low-Volume
36,2012-11-16,281484.5112830113,256810.3879055291,319026.40368360793,Low-Volume
36,2012-11-23,278897.61235008173,246342.7493654021,314056.53292104095,Low-Volume
36,2012-11-30,232040.67950875484,198299.8100999349,273054.96281692846,Low-Volume
36,2012-12-07,271188.1346841912,241672.08621833543,308670.46711409744,Low-Volume
36,2012-12-14,283619.4774436303,249903.64526644882,321706.7508944225,Low-Volume
36,2012-12-21,289821.23581927066,255139.22801472637,329954.2323519014,Low-Volume
36,2012-12-28,234157.8817764745,194528.81962717493,280539.99493718165,Low-Volume
36,2013-01-04,262411.11152694374,226600.88694064028,308514.9587309444,Low-Volume
36,2013-01-11,281523.5865565914,236007.17608709165,326978.4568486402,Low-Volume
36,2013-01-18,275398.7495833171,234521.4465478012,318799.33908583684,Low-Volume
37,2012-11-02,557967.2546315568,536507.6165666431,576144.8713037131,Low-Volume
37,2012-11-09,527755.0569891983,510050.1527067784,551339.0174514478,Low-Volume
37,2012-11-16,534665.3296353746,517405.5429745647,555631.725607327,Low-Volume
37,2012-11-23,533601.8422865149,512720.6516359006,552097.8177281055,Low-Volume
37,2012-11-30,527328.7699502371,508246.757897103,546670.2709337178,Low-Volume
37,2012-12-07,531897.3550066311,512580.3673626036,552236.6604471764,Low-Volume
37,2012-12-14,548214.2683628615,531145.8678502031,567644.7511555321,Low-Volume
37,2012-12-21,597901.3555417054,576133.1058988146,617311.5731155416,Low-Volume
37,2012-12-28,471799.2911482998,452296.71043007117,491256.12856828264,Low-Volume
37,2013-01-04,560195.6408289894,541622.6430826756,578319.1270885377,Low-Volume
37,2013-01-11,544594.979408753,524973.6545615778,563611.7832059192,Low-Volume
37,2013-01-18,544588.8673375068,520496.1206307593,564375.3099723592,Low-Volume
38,2012-11-02,463903.2240964289,434269.22140707803,489292.71891974274,Low-Volume
38,2012-11-09,427332.6114157052,402364.82857445494,450577.36060706544,Low-Volume
38,2012-11-16,425454.90959406755,399938.8095693555,454133.5069993442,Low-Volume
38,2012-11-23,434129.7193111583,407832.07198410574,467733.35927744256,Low-Volume
38,2012-11-30,434272.93306546874,402498.6123220669,468257.86708894034,Low-Volume
38,2012-12-07,444245.77678218123,408371.9168326384,485138.1490788968,Low-Volume
38,2012-12-14,418081.8507129562,379235.29683428805,459220.28107506246,Low-Volume
38,2012-12-21,445345.56629464985,400791.75946155953,493071.99983414885,Low-Volume
38,2012-12-28,375973.22603614384,328324.80644079536,429658.7672705842,Low-Volume
38,2013-01-04,476108.3083338323,418405.4394137443,550865.8876398191,Low-Volume
38,2013-01-11,435598.67397342715,374206.4924620393,507366.4146814336,Low-Volume
38,2013-01-18,418625.3065630088,349157.04401637655,492326.7580149651,Low-Volume
39,2012-11-02,1601402.1836337766,1504131.4615044543,1699892.627840492,High-Volume
39,2012-11-09,1575640.7075782483,1481995.7056573667,1671931.6542029863,High-Volume
39,2012-11-16,1649981.882852965,1550064.2324475464,1735004.2483855456,High-Volume
39,2012-11-23,2442240.8648749245,2345701.5688524703,2549777.5637768107,High-Volume
39,2012-11-30,1728212.2826483157,1621332.1325320883,1822323.5330096215,High-Volume
39,2012-12-07,1915745.118652782,1809923.9048952346,2025878.330436588,High-Volume
39,2012-12-14,2128604.124501556,2021675.5056159087,2218933.3702239865,High-Volume
39,2012-12-21,2762535.442083594,2662182.6304283272,2877443.596726495,High-Volume
39,2012-12-28,1558171.620259785,1436724.2245529324,1676442.5435537708,High-Volume
39,2013-01-04,1537529.6411438817,1404899.629645929,1651228.3093163688,High-Volume
39,2013-01-11,1487315.7229753402,1349810.1353925762,1604809.2666856705,High-Volume
39,2013-01-18,1533103.9301963325,1385646.3733477152,1656788.4757594261,High-Volume
40,2012-11-02,1018235.1060876081,950875.5972408007,1077795.0020915621,High-Volume
40,2012-11-09,989781.1728162521,927114.3239348953,1058769.60819959,High-Volume
40,2012-11-16,903234.6467647742,837393.1801208372,966047.032857944,High-Volume
40,2012-11-23,1218080.271043675,1158423.6877849381,1294536.7828611264,High-Volume
40,2012-11-30,1052535.1821520354,980049.2759419762,1115365.8674628227,High-Volume
40,2012-12-07,1162644.9639740917,1102969.4784183707,1226490.4714901363,High-Volume
40,2012-12-14,1229104.8698758371,1152856.0978030977,1296648.922690374,High-Volume
40,2012-12-21,1694518.4651316684,1618785.3970806818,1764101.151894347,High-Volume
40,2012-12-28,867773.6631503867,792394.8614397594,941126.275441952,High-Volume
40,2013-01-04,948144.5349023076,873384.7926181698,1030161.8351404688,High-Volume
40,2013-01-11,821588.6729958684,738825.8424194165,898530.4554035784,High-Volume
40,2013-01-18,816990.9029795338,741197.1480666277,913134.1999899705,High-Volume
41,2012-11-02,1368482.6857041696,1298286.662923135,1443206.3108763269,High-Volume
41,2012-11-09,1373714.5801092149,1300730.4703496757,1440681.2854341618,High-Volume
41,2012-11-16,1355543.7572822582,1281432.8702654373,1421180.3683162488,High-Volume
41,2012-11-23,2047456.953901933,1960653.39492257,2120199.3357789656,High-Volume
41,2012-11-30,1409395.7841539537,1332830.5381537776,1486733.978341907,High-Volume
41,2012-12-07,1633667.8766773548,1544560.8327315957,1706937.3672234353,High-Volume
41,2012-12-14,1814241.568934362,1743016.9313694148,1881923.5015825313,High-Volume
41,2012-12-21,2408977.4736843547,2336226.942468735,2493882.0627707066,High-Volume
41,2012-12-28,1232896.0724405062,1146066.0073872325,1308773.0549335368,High-Volume
41,2013-01-04,1339176.078254187,1254889.9275840584,1413465.7073528732,High-Volume
41,2013-01-11,1244370.2116441054,1150654.497280797,1313430.6968108849,High-Volume
41,2013-01-18,1269127.3733448272,1180043.2582963067,1348372.5104493692,High-Volume
42,2012-11-02,594393.8269704552,564763.3033707712,621748.8402608957,Low-Volume
42,2012-11-09,622290.7514699623,600012.2632721985,655729.6358273522,Low-Volume
42,2012-11-16,554315.3847907934,519321.79025346384,585054.2734544227,Low-Volume
42,2012-11-23,554527.4179777172,520284.5342226716,583565.6136564112,Low-Volume
42,2012-11-30,521700.2979165377,495741.80616391107,548552.3902384578,Low-Volume
42,2012-12-07,612692.3934093243,581213.8510584292,641958.9399736081,Low-Volume
42,2012-12-14,571098.4860895243,540349.2783028664,605273.744330776,Low-Volume
42,2012-12-21,578389.4131667458,545168.9675206329,609137.6229788609,Low-Volume
42,2012-12-28,453938.6277636664,423349.84457033285,485617.7954677816,Low-Volume
42,2013-01-04,622347.3426577208,589628.0467659513,654544.1950874713,Low-Volume
42,2013-01-11,644352.763073505,608645.5632890298,680798.9030163131,Low-Volume
42,2013-01-18,562112.680899311,524581.1843045654,594335.8988055976,Low-Volume
43,2012-11-02,587437.4424487883,550991.9122110903,624603.6307266972,Low-Volume
43,2012-11-09,554403.9054222351,518129.6576008453,596651.5651645828,Low-Volume
43,2012-11-16,548216.4183598066,503650.68503808015,595527.9535590591,Low-Volume
43,2012-11-23,584941.4721813262,541688.4483680311,633372.115910595,Low-Volume
43,2012-11-30,502771.5116454265,449110.9935045921,549592.3012485459,Low-Volume
43,2012-12-07,540943.8389069843,488633.6834843369,598479.6902564254,Low-Volume
43,2012-12-14,570157.7831449463,516421.88314779877,619738.5084356045,Low-Volume
43,2012-12-21,596222.8845201893,535061.4328776873,653022.9657082454,Low-Volume
43,2012-12-28,459631.4141755278,398106.05607035744,514938.3499897543,Low-Volume
43,2013-01-04,578237.4522786743,517407.7665057147,641481.6078908917,Low-Volume
43,2013-01-11,568518.7641731019,504575.92175033287,633002.2133205725,Low-Volume
43,2013-01-18,540876.806585485,473173.3519013506,611329.9777549579,Low-Volume
44,2012-11-02,332529.1992040954,314614.6173368666,346300.4111049649,Low-Volume
44,2012-11-09,343303.6082692536,328272.99010271404,357113.88533803687,Low-Volume
44,2012-11-16,345307.6680341826,328442.20578150393,359724.00246691966,Low-Volume
44,2012-11-23,365474.6814225712,347095.2750043015,383601.4650104276,Low-Volume
44,2012-11-30,325163.50554171146,309395.1040913991,340232.8057565356,Low-Volume
44,2012-12-07,340414.2233226394,322856.78185919963,358773.89640302653,Low-Volume
44,2012-12-14,342163.8882727486,324669.0665619505,362672.4027827457,Low-Volume
44,2012-12-21,426122.88991170115,403665.7103804445,445860.3458546108,Low-Volume
44,2012-12-28,305066.2170257293,278732.984737931,328809.24109363544,Low-Volume
44,2013-01-04,353963.29175688274,329090.6768530822,379736.6418459513,Low-Volume
44,2013-01-11,356559.65572669473,327973.31324520864,380055.6010564435,Low-Volume
44,2013-01-18,343462.50235795527,312896.99065995263,375118.74347066315,Low-Volume
45,2012-11-02,785307.8164821818,729171.0954379858,863758.4509288627,Mid-Volume
45,2012-11-09,781426.7898886722,702243.3402421831,852894.1784555304,Mid-Volume
45,2012-11-16,740415.696689313,668928.9904710053,807870.4255486336,Mid-Volume
45,2012-11-23,1187976.3791102201,1122132.6518540087,1246497.8173175324,Mid-Volume
45,2012-11-30,886138.6316075673,824064.0589477427,947277.3066114257,Mid-Volume
45,2012-12-07,1001958.0981431298,945267.1637796856,1084300.4430438057,Mid-Volume
45,2012-12-14,1123660.8435314957,1055613.2313947224,1209199.458041161,Mid-Volume
45,2012-12-21,1664199.0858021267,1594350.8015673691,1751111.5099222572,Mid-Volume
45,2012-12-28,723038.0218356327,635260.7570058238,811498.1541190279,Mid-Volume
45,2013-01-04,694958.7775239461,602489.4180051537,776487.4688708545,Mid-Volume
45,2013-01-11,666391.0355791718,586904.01009925,772030.6236758187,Mid-Volume
45,2013-01-18,661844.9037681677,574855.2246937413,745907.6337837585,Mid-Volume
